{
  "gizmos-infos": {
    "is2D": true,
    "is3DIcon": false,
    "iconSize": 2,
    "gridVisible": true,
    "gridColor": [
      150,
      150,
      150,
      255
    ],
    "isIconGizmo3D": false,
    "iconGizmoSize": 2,
    "isGridVisible": true
  },
  "camera-infos": {
    "f46876e4-e81b-4931-b493-6d367be385e7": {
      "position": {
        "x": 540,
        "y": 960,
        "z": 5000
      },
      "rotation": {
        "x": 0,
        "y": 0,
        "z": 0,
        "w": 1
      },
      "viewCenter": {
        "x": 0,
        "y": 0,
        "z": 0
      }
    },
    "2d2f792f-a40c-49bb-a189-ed176a246e49": {
      "position": {
        "x": 540,
        "y": 960,
        "z": 3340.3326146298346
      },
      "rotation": {
        "x": 0,
        "y": 0,
        "z": 0,
        "w": 1
      },
      "viewCenter": {
        "x": 540,
        "y": 960,
        "z": 0
      }
    },
    "674fd355-1d39-452b-881c-d0b352f34135": {
      "position": {
        "x": 540,
        "y": 960,
        "z": 5000
      },
      "rotation": {
        "x": 0,
        "y": 0,
        "z": 0,
        "w": 1
      },
      "viewCenter": {
        "x": 0,
        "y": 0,
        "z": 0
      }
    },
    "3312edc7-8cd1-4555-8af7-1e5054047b1c": {
      "position": {
        "x": 329.2111118590951,
        "y": 997.9887306847006,
        "z": 5000
      },
      "rotation": {
        "x": 0,
        "y": 0,
        "z": 0,
        "w": 1
      },
      "viewCenter": {
        "x": 0,
        "y": 0,
        "z": 0
      }
    },
    "c4474a7f-92f3-4c1b-b074-701fcc5608ea": {
      "position": {
        "x": 540,
        "y": 960,
        "z": 44913.53030293584
      },
      "rotation": {
        "x": 0,
        "y": 0,
        "z": 0,
        "w": 1
      },
      "viewCenter": {
        "x": 540,
        "y": 960,
        "z": 0
      }
    },
    "d7533fda-8cb4-4153-88c1-79762bebfce0": {
      "position": {
        "x": 540,
        "y": 960,
        "z": 8108.7485887234025
      },
      "rotation": {
        "x": 0,
        "y": 0,
        "z": 0,
        "w": 1
      },
      "viewCenter": {
        "x": 540,
        "y": 960,
        "z": 0
      }
    },
    "c08cc118-9259-4ff0-b3a3-54dc18dfe9cb": {
      "position": {
        "x": 0,
        "y": 0,
        "z": 361.76030326260104
      },
      "rotation": {
        "x": 0,
        "y": 0,
        "z": 0,
        "w": 1
      },
      "viewCenter": {
        "x": 0,
        "y": 0,
        "z": 0
      }
    },
    "6993d5fd-cba8-40a2-bd2e-fb788a1353e0": {
      "position": {
        "x": 540,
        "y": 960,
        "z": 3191.0175384229215
      },
      "rotation": {
        "x": 0,
        "y": 0,
        "z": 0,
        "w": 1
      },
      "viewCenter": {
        "x": 540,
        "y": 960,
        "z": 0
      }
    },
    "86sT5E2JxIHID9JWx1Dp1d": {
      "position": {
        "x": 540,
        "y": 960,
        "z": 8108.7485887234025
      },
      "rotation": {
        "x": 0,
        "y": 0,
        "z": 0,
        "w": 1
      },
      "viewCenter": {
        "x": 540,
        "y": 960,
        "z": 0
      }
    },
    "ea55e901-9b3b-48e1-8882-635bd5cdf5a8": {
      "position": {
        "x": 540,
        "y": 960,
        "z": 5821.852382851089
      },
      "rotation": {
        "x": 0,
        "y": 0,
        "z": 0,
        "w": 1
      },
      "viewCenter": {
        "x": 540,
        "y": 960,
        "z": 0
      }
    },
    "58086761-cfdf-4bd9-a292-b56adba67bd0": {
      "position": {
        "x": 540,
        "y": 646.998,
        "z": 3429
      },
      "rotation": {
        "x": 0,
        "y": 0,
        "z": 0,
        "w": 1
      },
      "viewCenter": {
        "x": 540,
        "y": 646.998,
        "z": 0
      }
    },
    "e46607d0-9804-48cd-9b21-6245ff7f725c": {
      "position": {
        "x": 50,
        "y": 50,
        "z": 50
      },
      "rotation": {
        "x": -0.27984814233312133,
        "y": 0.3647051996310009,
        "z": 0.11591689595929514,
        "w": 0.8804762392171493
      },
      "viewCenter": {
        "x": 0,
        "y": 0,
        "z": 0
      }
    },
    "bad66e42-496d-44c0-86c8-a5a4ee9f979a": {
      "position": {
        "x": 3325.537550532245,
        "y": 3325.537550532244,
        "z": 3325.5375505322436
      },
      "rotation": {
        "x": -0.27984814233312133,
        "y": 0.3647051996310009,
        "z": 0.11591689595929514,
        "w": 0.8804762392171493
      },
      "viewCenter": {
        "x": 0,
        "y": 0,
        "z": 0
      }
    },
    "a308e55a-d317-43bd-9a7b-84f4ad0a60c1": {
      "position": {
        "x": 50,
        "y": 50,
        "z": 50
      },
      "rotation": {
        "x": -0.27984814233312133,
        "y": 0.3647051996310009,
        "z": 0.11591689595929514,
        "w": 0.8804762392171493
      },
      "viewCenter": {
        "x": 0,
        "y": 0,
        "z": 0
      }
    },
    "c7fab61a-cb18-4bea-a127-0fabebc15ade": {
      "position": {
        "x": 50,
        "y": 50,
        "z": 50
      },
      "rotation": {
        "x": -0.27984814233312133,
        "y": 0.3647051996310009,
        "z": 0.11591689595929514,
        "w": 0.8804762392171493
      },
      "viewCenter": {
        "x": 0,
        "y": 0,
        "z": 0
      }
    },
    "403835d5-9c9d-4235-8a51-f4ccd855f820": {
      "position": {
        "x": 540,
        "y": 960,
        "z": 7200
      },
      "rotation": {
        "x": 0,
        "y": 0,
        "z": 0,
        "w": 1
      },
      "viewCenter": {
        "x": 540,
        "y": 960,
        "z": 0
      }
    },
    "805182e4-fcee-44bb-8a4c-9c921f066aa3": {
      "position": {
        "x": 1358.550724637681,
        "y": 1604.63768115942,
        "z": 5000
      },
      "rotation": {
        "x": 0,
        "y": 0,
        "z": 0,
        "w": 1
      },
      "viewCenter": {
        "x": 0,
        "y": 0,
        "z": 0
      }
    },
    "87565492-c2c4-4435-aa9c-7fbc0819b454": {
      "position": {
        "x": 540,
        "y": 960,
        "z": 5760
      },
      "rotation": {
        "x": 0,
        "y": 0,
        "z": 0,
        "w": 1
      },
      "viewCenter": {
        "x": 540,
        "y": 960,
        "z": 0
      }
    },
    "728d620b-e6eb-48df-8f3f-a6e39320c297": {
      "position": {
        "x": 0,
        "y": 0,
        "z": 86.60254037844386
      },
      "rotation": {
        "x": 0,
        "y": 0,
        "z": 0,
        "w": 1
      },
      "viewCenter": {
        "x": 0,
        "y": 0,
        "z": 0
      }
    }
  },
  "camera-uuids": [
    "3312edc7-8cd1-4555-8af7-1e5054047b1c"
  ],
  "float-window": {
    "position": {
      "cc": {
        "Camera": {
          "dock": false,
          "top": null,
          "bottom": 10,
          "left": null,
          "right": 10
        },
        "ParticleSystem": {
          "dock": false,
          "top": null,
          "bottom": 10,
          "left": null,
          "right": 10
        }
      }
    }
  },
  "camera": {
    "fov": 20,
    "near": 0.01
  }
}
